Date,Close,High,Low,Open,Volume,Daily_Return,MA_7,MA_30,MA_90,Volatility_7,Volatility_30,Daily_Range,Daily_Range_Pct,Month,Month_Name
2025-01-01,94419.7578125,94929.8671875,92788.125,93425.1015625,24519888919,,,,,,,2141.7421875,2.2683199333693485,2025-01,Jan
2025-01-02,96886.875,97739.8203125,94201.5703125,94416.2890625,46009564411,2.6129247147606893,,,,,,3538.25,3.6519394396815876,2025-01,Jan
2025-01-03,98107.4296875,98956.9140625,96034.6171875,96881.7265625,35611391163,1.2597729955682757,,,,,,2922.296875,2.978670304897748,2025-01,Jan
2025-01-04,98236.2265625,98734.4296875,97562.9765625,98106.9921875,22342608078,0.13128146911018934,,,,,,1171.453125,1.1924858740931954,2025-01,Jan
2025-01-05,98314.9609375,98813.3046875,97291.765625,98233.90625,20525254825,0.0801480042089242,,,,,,1521.5390625,1.5476170137190624,2025-01,Jan
2025-01-06,102078.0859375,102482.875,97926.1484375,98314.953125,51823432705,3.8276219245942267,,,,,,4556.7265625,4.463961604148785,2025-01,Jan
2025-01-07,96922.703125,102712.484375,96132.875,102248.8515625,58685738547,-5.050430525956884,97852.29129464286,,,,,6579.609375,6.788512043988662,2025-01,Jan
2025-01-08,95043.5234375,97258.3203125,92525.84375,96924.1640625,63875859171,-1.9388436629511285,97941.40066964286,,,2.9505126454461674,,4732.4765625,4.979273064946972,2025-01,Jan
2025-01-09,92484.0390625,95349.71875,91220.84375,95043.484375,62777261693,-2.6929603222076492,97312.42410714286,,,2.8877464373116277,,4128.875,4.464418987161382,2025-01,Jan
2025-01-10,94701.453125,95770.609375,92250.09375,92494.4921875,62058693684,2.3976181025154863,96825.85602678571,,,3.0396300777337006,,3520.515625,3.7174884955071805,2025-01,Jan
2025-01-11,94566.59375,94977.6875,93840.046875,94700.8359375,18860894100,-0.1424047578467369,96301.62276785714,,,3.032453883757537,,1137.640625,1.2030047608646157,2025-01,Jan
2025-01-12,94488.4375,95367.5390625,93712.5078125,94565.7265625,20885130965,-0.08264678561502592,95754.9765625,,,3.0278592517938914,,1655.03125,1.751570132588974,2025-01,Jan
2025-01-13,94516.5234375,95837.0,89260.1015625,94488.890625,72978998252,0.029724205673309356,94674.75334821429,,,2.3910168750222756,,6576.8984375,6.958464190495792,2025-01,Jan
2025-01-14,96534.046875,97352.6640625,94322.15625,94519.0078125,53769675818,2.1345722040169157,94619.23102678571,,,1.8855453264583837,,3030.5078125,3.139314998804664,2025-01,Jan
2025-01-15,100504.4921875,100697.234375,96501.640625,96534.046875,57805923627,4.11299996325778,95399.36941964286,,,2.227375402237433,,4195.59375,4.17453355435372,2025-01,Jan
2025-01-16,99756.90625,100781.5859375,97364.4453125,100505.296875,54103781805,-0.7438333563293043,96438.35044642857,,,1.7944242667165984,,3417.140625,3.425467722942741,2025-01,Jan
2025-01-17,104462.0390625,105884.2265625,99948.90625,100025.765625,71888972663,4.716598568833419,97832.71986607143,,,2.2339609643732743,,5935.3203125,5.681796340342235,2025-01,Jan
2025-01-18,104408.0703125,104913.203125,102226.6171875,104124.953125,50445655726,-0.051663504258914195,99238.64508928571,,,2.2235404998118606,,2686.5859375,2.5731592677260267,2025-01,Jan
2025-01-19,101089.609375,106299.796875,99570.53125,104411.2890625,76789928525,-3.1783567377192568,100181.66964285714,,,2.8088586485561673,,6729.265625,6.656733235596203,2025-01,Jan
2025-01-20,102016.6640625,109114.8828125,99471.359375,101083.75,126279678351,0.9170622908047932,101253.11830357143,,,2.777468953886461,,9643.5234375,9.452890394055567,2025-01,Jan
2025-01-21,106146.265625,107180.921875,100103.953125,102052.578125,88733878242,4.047967653568851,102626.29241071429,,,2.979647449597353,,7076.96875,6.667185800960674,2025-01,Jan
2025-01-22,103653.0703125,106294.34375,103360.265625,106136.3828125,53878181052,-2.3488299826845638,103076.08928571429,,,3.001012916626392,,2934.078125,2.8306716975716695,2025-01,Jan
2025-01-23,103960.171875,106820.328125,101257.8046875,103657.671875,104104515428,0.2962783076025932,103676.55580357143,,,2.9557351821677527,,5562.5234375,5.350629320032566,2025-01,Jan
2025-01-24,104819.484375,107098.546875,102772.125,103965.671875,52388229265,0.8265785680243276,103727.61941964286,,,2.365821365404868,,4326.421875,4.127497765131036,2025-01,Jan
2025-01-25,104714.6484375,105243.7890625,104120.375,104824.03125,23888996502,-0.10001569662844156,103771.41629464286,,,2.3663155863464183,,1123.4140625,1.072833724090208,2025-01,Jan
2025-01-26,102682.5,105438.6484375,102507.7109375,104713.2109375,22543395879,-1.9406534499448846,103998.97209821429,,,2.116566605832859,,2930.9375,2.8543690502276435,2025-01,Jan
2025-01-27,102087.6875,103214.109375,97795.9375,102680.3046875,89006608428,-0.5792734886665207,104009.11830357143,,,2.112657172233329,,5418.171875,5.307370563173938,2025-01,Jan
2025-01-28,101332.4765625,103730.8203125,100238.1875,102095.4140625,47180685494,-0.7397669160641884,103321.43415178571,,,1.1505721562431876,,3492.6328125,3.4467062594150737,2025-01,Jan
2025-01-29,103703.2109375,104750.8046875,101283.8203125,101317.5234375,47432049818,2.3395602825692086,103328.59709821429,,,1.3479614311153878,,3466.984375,3.34317939016323,2025-01,Jan
2025-01-30,104735.3046875,106418.765625,103321.6484375,103709.3359375,41915744521,0.9952379879751394,103439.33035714286,99912.44192708333,,1.3972839637400034,,3097.1171875,2.957089967648355,2025-01,Jan
2025-01-31,102405.0234375,106026.3515625,101543.8828125,104737.5625,45732764360,-2.2249243050878498,103094.40736607143,100178.61744791667,,1.5994880615487106,2.324546431393687,4482.46875,4.377196156530102,2025-01,Jan
2025-02-01,100655.90625,102755.7265625,100297.7109375,102402.796875,27757944848,-1.7080384621634526,102514.58705357143,100304.25182291666,,1.6760330241956465,2.3099236354782775,2458.015625,2.4419984048377685,2025-02,Feb
2025-02-02,97688.9765625,101430.6640625,96216.078125,100661.5390625,63091816853,-2.947596219670423,101801.2265625,100290.30338541667,,1.8494126227482868,2.36741864996244,5214.5859375,5.337947147152047,2025-02,Feb
2025-02-03,101405.421875,102514.171875,91242.890625,97681.1015625,115400897748,3.804365081173988,101703.76004464286,100395.94322916666,,2.5168572612442404,2.4666598436999783,11271.28125,11.11506765771739,2025-02,Feb
2025-02-04,97871.8203125,101745.6171875,96208.109375,101398.71875,73002130211,-3.4846278405663456,101209.38058035714,100381.171875,,2.8328173864993382,2.5537293259310068,5537.5078125,5.65791848442075,2025-02,Feb
2025-02-05,96615.4453125,99113.2109375,96174.828125,97878.0078125,49125911241,-1.2836943218062724,100196.84263392857,100199.08385416666,,2.5530504691639155,2.459451996134933,2938.3828125,3.041317879347222,2025-02,Feb
2025-02-06,96593.296875,99168.609375,95707.3515625,96610.640625,45302471947,-0.022924323774897726,99033.69866071429,100188.10364583334,,2.4487362208107166,2.2789731520298786,3461.2578125,3.5833312708843184,2025-02,Feb
2025-02-07,96529.0859375,100154.140625,95653.8828125,96581.3203125,55741290456,-0.06647556256734743,98194.27901785714,100237.62239583333,,2.42274897904448,2.24910264539687,4500.2578125,4.662074408757788,2025-02,Feb
2025-02-08,96482.453125,96877.8046875,95702.4921875,96533.2578125,22447526395,-0.04830959709924976,97598.07142857143,100370.90286458333,,2.4019761477751356,2.1878237698662093,1175.3125,1.2181619164235984,2025-02,Feb
2025-02-09,96500.09375,97325.28125,94745.2578125,96481.3125,27732901800,0.018283765004545316,97428.23102678571,100430.85755208334,,2.164240997313335,2.146808428907445,2580.0234375,2.673596819692209,2025-02,Feb
2025-02-10,97437.5546875,98333.21875,95320.84375,96499.4609375,40078962391,0.9714611676219231,96861.39285714286,100526.55625,,1.44630613685365,2.1523676401944645,3012.375,3.091595442497747,2025-02,Feb
2025-02-11,95747.4296875,98492.8984375,94875.0390625,97438.1328125,37488783272,-1.7345724709743937,96557.90848214286,100568.52265625,,0.9071564313257863,2.1787518002525896,3617.859375,3.7785446427209086,2025-02,Feb
2025-02-12,97885.859375,98151.0234375,94101.203125,95745.6953125,49340445530,2.233406885677658,96739.39620535714,100680.83385416666,,1.2032944113727633,2.2143131517149546,4049.8203125,4.137288407496294,2025-02,Feb
2025-02-13,96623.8671875,98111.0859375,95269.7109375,97888.75,37147280860,-1.2892487184132717,96743.76339285714,100683.82786458333,,1.3297125636811036,2.1961443498972,2841.375,2.940655432975241,2025-02,Feb
2025-02-14,97508.96875,98819.46875,96342.8046875,96623.3671875,32697987277,0.9160278803397981,96883.74665178571,100583.97708333333,,1.3712443269831094,2.0646268292894514,2476.6640625,2.5399346278082753,2025-02,Feb
2025-02-15,97580.3515625,97975.0390625,97240.1953125,97508.3828125,17047266288,0.07320640697474623,97040.58928571429,100511.42526041667,,1.3690468227991712,2.0609582929693113,734.84375,0.7530652823374326,2025-02,Feb
2025-02-16,96175.03125,97725.59375,96060.9765625,97580.4921875,16536755396,-1.4401672980240199,96994.15178571429,100235.19166666667,,1.5006048574634405,1.8670403940374507,1664.6171875,1.7308205319662946,2025-02,Feb
2025-02-17,95773.3828125,97032.234375,95243.546875,96179.0078125,27336550690,-0.41762236235300954,96756.41294642857,99947.36875,,1.4352002267094084,1.8668391023854745,1788.6875,1.8676248530364605,2025-02,Feb
2025-02-18,95539.546875,96695.375,93388.8359375,95773.8125,37325720482,-0.24415545387781457,96726.71540178571,99762.36666666667,,1.277939645725384,1.7842777621342767,3306.5390625,3.4609113928770663,2025-02,Feb
2025-02-19,96635.609375,96855.59375,95011.96875,95532.53125,28990872862,1.1472343504350446,96548.10825892857,99582.99817708334,,0.9921334161675337,1.7896122944501083,1843.625,1.9078112218920333,2025-02,Feb
2025-02-20,98333.9375,98767.1953125,96442.671875,96632.6796875,31668022771,1.7574558032842136,96792.40401785714,99322.58723958333,,1.0877058858762456,1.6468393390537557,2324.5234375,2.363907615821852,2025-02,Feb
2025-02-21,96125.546875,99497.96875,94852.9609375,98340.671875,49608706470,-2.245807176184722,96594.77232142857,99071.66979166666,,1.3840662720483816,1.6423946592296208,4645.0078125,4.832230310783343,2025-02,Feb
2025-02-22,96577.7578125,96950.15625,95765.34375,96134.203125,18353824477,0.47043783073406065,96451.54464285714,98825.58932291667,,1.4049151085130582,1.6446543697719398,1184.8125,1.2267964455130997,2025-02,Feb
2025-02-23,96273.921875,96671.875,95270.453125,96577.8046875,16999478976,-0.31460239332733453,96465.671875,98540.73723958334,,1.2909565331509454,1.6324745902883886,1401.421875,1.4556609388153692,2025-02,Feb
2025-02-24,91418.171875,96503.453125,91371.7421875,96277.9609375,44046480529,-5.043681513571874,95843.49888392857,98097.52135416666,,2.3241009168523177,1.8497604106587036,5131.7109375,5.613447340116153,2025-02,Feb
2025-02-25,88736.171875,92511.078125,86008.234375,91437.1171875,92139104128,-2.9337712021491935,94871.58816964286,97632.64375,,2.4659419672212093,1.8861639441382843,6502.84375,7.328289707111055,2025-02,Feb
2025-02-26,84347.0234375,89286.25,82131.8984375,88638.890625,64597492134,-4.94629004695274,93116.07589285714,97041.28828125,,2.641339707902128,2.055917213207715,7154.3515625,8.482043907336312,2025-02,Feb
2025-02-27,84704.2265625,87000.78125,83144.9609375,84076.859375,52659591954,0.4234922709094535,91168.97433035714,96487.01328125,,2.3679860971478504,2.0644088456613843,3855.8203125,4.552099073421015,2025-02,Feb
2025-02-28,84373.0078125,85036.3203125,78248.9140625,84705.625,83610570576,-0.3910297790814532,89490.04017857143,95842.67317708333,,2.449280035632013,1.990347785609669,6787.40625,8.04452327346618,2025-02,Feb
2025-03-01,86031.9140625,86522.3046875,83794.234375,84373.8671875,29190628396,1.9661575342751147,87983.49107142857,95219.22682291667,,2.7313359416254506,2.025866906733749,2728.0703125,3.1709980444211974,2025-03,Mar
2025-03-02,94248.3515625,95043.4375,85040.2109375,86036.2578125,58398341092,9.550452979612857,87694.12388392857,94947.33776041666,,5.0604798833635884,2.7264922596776753,10003.2265625,10.613688618061872,2025-03,Mar
2025-03-03,86065.671875,94429.75,85081.3046875,94248.421875,70072228536,-8.682040111941614,86929.48102678571,94460.99661458333,,5.777394626208189,3.124190819585808,9348.4453125,10.861990743623647,2025-03,Mar
2025-03-04,87222.1953125,88911.2734375,81529.2421875,86064.0703125,68095241474,1.3437685575495406,86713.19866071429,94112.10390625,,5.72976467794928,3.1051893604958405,7382.03125,8.463477929616001,2025-03,Mar
2025-03-05,90623.5625,90998.2421875,86379.7734375,87222.953125,50498988027,3.899657851208138,87609.84709821429,93752.70859375,,5.452873321618458,3.109610467318169,4618.46875,5.09632221752483,2025-03,Mar
2025-03-06,89961.7265625,92804.9375,87852.140625,90622.359375,47749810486,-0.7303133084179958,88360.91852678571,93489.03880208333,,5.496066461864965,3.053326497519056,4952.796875,5.505448888377098,2025-03,Mar
2025-03-07,86742.671875,91191.046875,84717.6796875,89963.28125,65945677657,-3.57824911826653,88699.44196428571,93159.94635416666,,5.755797259605854,3.1087265597399294,6473.3671875,7.462725147351244,2025-03,Mar
2025-03-08,86154.59375,86847.265625,85247.484375,86742.65625,18206118081,-0.6779571257010009,88716.96763392857,92811.98958333333,,5.733206806325019,3.1089269649819067,1599.78125,1.8568728379617019,2025-03,Mar
2025-03-09,80601.0390625,86471.1328125,80052.484375,86154.3046875,30899345977,-6.44603432710168,86767.3515625,92281.0546875,,4.3997345595093424,3.302188505124922,6418.6484375,7.963481007388533,2025-03,Mar
2025-03-10,78532.0,83955.9296875,77420.59375,80597.1484375,54061099422,-2.567012890361897,85691.11272321429,91682.70625,,3.366450971827319,3.321051989422138,6535.3359375,8.321876352951662,2025-03,Mar
2025-03-11,82862.2109375,83577.7578125,76624.25,78523.875,54702837196,5.513944554449135,85068.2578125,91228.11015625,,4.174211329234423,3.504565794587769,6953.5078125,8.391651313461551,2025-03,Mar
2025-03-12,83722.359375,84358.578125,80635.25,82857.375,40353484454,1.0380466895202334,84082.37165178571,90770.93697916667,,3.7748095008208713,3.5055161980124785,3723.328125,4.447232678098425,2025-03,Mar
2025-03-13,81066.703125,84301.6953125,79931.8515625,83724.921875,31412940153,-3.17197970748182,82811.65401785714,90281.57942708333,,3.8508867369417574,3.533462162864002,4369.84375,5.390429833148589,2025-03,Mar
2025-03-14,83969.1015625,85263.2890625,80797.5625,81066.9921875,29588112414,3.580259620308812,82415.4296875,89817.6875,,4.1210052843175236,3.577577076688422,4465.7265625,5.318297420600677,2025-03,Mar
2025-03-15,84343.109375,84672.671875,83639.59375,83968.40625,13650491277,0.44541123525254633,82156.64620535714,89408.32890625,,4.129791273476351,3.5775296638749734,1033.078125,1.224851837518588,2025-03,Mar
2025-03-16,82579.6875,85051.6015625,82017.90625,84333.3203125,21330270174,-2.0907717157540473,82439.31026785714,88910.68619791667,,3.2772296830621466,3.5817899403963422,3033.6953125,3.6736580197158046,2025-03,Mar
2025-03-17,84075.6875,84725.328125,82492.15625,82576.3359375,25092785558,1.8115835083536647,83231.265625,88460.53072916667,,3.0264698313779697,3.6052074192674404,2233.171875,2.656144649426744,2025-03,Mar
2025-03-18,82718.5,84075.71875,81179.9921875,84075.71875,24095774594,-1.6142449028442418,83210.73549107143,88011.9796875,,2.39494584777102,3.6070248965291754,2895.7265625,3.5007000398943404,2025-03,Mar
2025-03-19,86854.2265625,87021.1875,82569.7265625,82718.8046875,34931960257,4.9997601050550955,83658.14508928571,87714.67447916667,,3.0576244911345523,3.741203697485031,4451.4609375,5.125209346371583,2025-03,Mar
2025-03-20,84167.1953125,87443.265625,83647.1953125,86872.953125,29028988961,-3.093725379117185,84101.07254464286,87335.59609375,,3.041783254957804,3.7768527011630826,3796.0703125,4.510154221494216,2025-03,Mar
2025-03-21,84043.2421875,84782.2734375,83171.0703125,84164.5390625,19030452299,-0.14727011460912154,84111.6640625,86915.85052083334,,2.7396462919715283,3.766506261953159,1611.203125,1.9171120521569303,2025-03,Mar
2025-03-22,83832.484375,84513.875,83674.78125,84046.2578125,9863214091,-0.25077306278807887,84038.71763392857,86432.46875,,2.7352951585714007,3.7446999582456324,839.09375,1.0009171936818198,2025-03,Mar
2025-03-23,86054.375,86094.78125,83794.9140625,83831.8984375,12594615537,2.6503933905394295,84535.1015625,86096.76302083333,,2.7342027317557123,3.770913445710298,2299.8671875,2.6725743897390455,2025-03,Mar
2025-03-24,87498.9140625,88758.7265625,85541.1953125,86070.9296875,34582604933,1.6786352378946434,85024.13392857143,85794.13489583334,,2.725010611820835,3.7858426209163136,3217.53125,3.677224208407587,2025-03,Mar
2025-03-25,87471.703125,88542.3984375,86346.078125,87512.8203125,30005840049,-0.031098600241552532,85703.16294642857,85500.72760416666,,2.571677460369284,3.7860535776812014,2196.3203125,2.5108923617977172,2025-03,Mar
2025-03-26,86900.8828125,88292.15625,85861.453125,87460.234375,26704046038,-0.652577110204744,85709.828125,85350.15130208334,,1.822158426825339,3.6776597263270996,2430.703125,2.797098310548305,2025-03,Mar
2025-03-27,87177.1015625,87786.7265625,85837.9375,86896.2578125,24413471941,0.3178549412391707,86139.81473214286,85298.18229166667,,1.1999348217059307,3.639081975281041,1948.7890625,2.235436860794061,2025-03,Mar
2025-03-28,84353.1484375,87489.859375,83557.640625,87185.234375,34198619509,-3.2393289916566204,86184.08705357143,85298.38645833333,,1.866119905803668,3.571718925699229,3932.21875,4.661614679283144,2025-03,Mar
2025-03-29,82597.5859375,84567.3359375,81634.140625,84352.0703125,16969396135,-2.0812056603918605,86007.67299107143,85228.16510416666,,2.0384526654042645,3.592188893581491,2933.1953125,3.5511877002307215,2025-03,Mar
2025-03-30,82334.5234375,83505.0,81573.25,82596.984375,14763760943,-0.3184869109843613,85476.265625,85160.215625,,1.6123508348597104,3.591956083082263,1931.75,2.3462211467907363,2025-03,Mar
2025-03-31,82548.9140625,83870.125,81293.890625,82336.0625,29004228247,0.26038970780313253,84769.12276785714,85044.115625,93391.928125,1.342116280634181,3.5728946747894783,2576.234375,3.1208579837276402,2025-03,Mar
2025-04-01,85169.171875,85487.3671875,82429.359375,82551.921875,28175650319,3.17418810684309,84440.18973214286,84741.47630208333,93289.14383680555,2.0279387268414877,3.144455315578311,3058.0078125,3.5905102106524387,2025-04,Apr
2025-04-02,82485.7109375,88466.953125,82343.5390625,85180.609375,47584398470,-3.1507420800550134,83809.45089285714,84622.14427083333,93129.13090277778,2.2902920516259835,2.775899913992548,6123.4140625,7.423605849914725,2025-04,Apr
2025-04-03,83102.828125,83909.296875,81282.1015625,82487.4765625,36852112080,0.7481504135517403,83227.41183035714,84484.83203125,92962.41310763889,2.328238608341565,2.7673027949494924,2627.1953125,3.1613789467529028,2025-04,Apr
2025-04-04,83843.8046875,84696.1484375,81670.75,83100.25,45157640207,0.8916382019940938,83154.6484375,84258.84010416667,92802.49730902778,2.0746754746906926,2.6692396527559783,3025.3984375,3.608374463415837,2025-04,Apr
2025-04-05,83504.796875,84207.015625,82377.734375,83844.703125,14380803631,-0.4043325726492686,83284.25,84043.60911458333,92637.93993055556,1.8922704495931797,2.667772183044951,1829.28125,2.190630141569337,2025-04,Apr
2025-04-06,78214.484375,83704.71875,77097.7421875,83504.5078125,36294853736,-6.3353396427263675,82695.67299107143,83759.33619791667,92372.78880208333,3.1201425093587756,2.830225682405357,6606.9765625,8.447254514678887,2025-04,Apr
2025-04-07,79235.3359375,81119.0625,74436.6796875,78221.3359375,91262424987,1.305195029613082,82222.3046875,83528.69427083334,92176.2625,3.197112965825216,2.8443491998566017,6682.3828125,8.433589298808544,2025-04,Apr
2025-04-08,76271.953125,80823.890625,76198.0234375,79218.4765625,48314590749,-3.739976334343409,80951.2734375,83384.39140625,91967.68949652778,2.914382778253891,2.67882196315009,4625.8671875,6.0649649025229415,2025-04,Apr
2025-04-09,82573.953125,83541.0,74589.671875,76273.5625,84213627038,8.26253916648998,80963.87946428571,83519.12317708334,91857.57743055555,4.57419547786593,3.0462350414066806,8951.328125,10.840377366273755,2025-04,Apr
2025-04-10,79626.140625,82700.9296875,78456.1328125,82565.9765625,44718000633,-3.56990599146636,80467.20982142857,83411.25416666667,91690.07395833333,4.760224561218379,2.9510150372723807,4244.796875,5.330908721284016,2025-04,Apr
2025-04-11,83404.8359375,84247.4765625,78936.3203125,79625.046875,41656778779,4.745546227457886,80404.5,83400.67005208334,91566.05442708333,5.156145615049206,3.074953801052093,5311.15625,6.367923622534252,2025-04,Apr
2025-04-12,85287.109375,85856.1875,82769.375,83404.515625,24258059104,2.256791727173346,80659.11607142857,83541.35026041667,91463.81744791666,5.2158808565245485,3.0393939475297396,3086.8125,3.6193189364966685,2025-04,Apr
2025-04-13,83684.9765625,86015.1875,83027.0078125,85279.46875,28796984817,-1.878516957885823,81440.61495535714,83531.87942708333,91343.46692708334,4.473304647935585,2.9939538845690823,2988.1796875,3.570748072407336,2025-04,Apr
2025-04-14,84542.390625,85785.0,83690.640625,83694.5234375,34090769777,1.0245734631468162,82198.765625,83538.52213541667,91210.22630208333,4.471941012557097,2.998577495260033,2094.359375,2.477289037507626,2025-04,Apr
2025-04-15,83668.9921875,86429.3515625,83598.8203125,84539.6953125,28040322885,-1.033089354397465,83255.48549107143,83574.83229166667,91023.16519097223,4.093301730292738,2.9786793607346764,2830.53125,3.38301104865331,2025-04,Apr
2025-04-16,84033.8671875,85428.28125,83100.6171875,83674.5078125,29617804112,0.4360934564412222,83464.04464285714,83573.43828125,90848.46475694445,2.757797210169381,2.9617437784628775,2327.6640625,2.769911870539547,2025-04,Apr
2025-04-17,84895.75,85449.0703125,83749.75,84030.671875,21276866029,1.025637449930672,84216.84598214286,83646.01328125,90631.06154513889,2.1726193476042566,2.9500821496217378,1699.3203125,2.0016553390481855,2025-04,Apr
2025-04-18,84450.8046875,85095.046875,84298.8828125,84900.1875,12728372364,-0.5241078764249063,84366.27008928571,83565.89921875,90409.31414930556,1.414895743887209,2.8043359755896096,796.1640625,0.9427548564470274,2025-04,Apr
2025-04-19,85063.4140625,85597.703125,84353.4609375,84450.8671875,15259300427,0.7254038339443714,84334.31361607143,83595.77317708333,90231.2453125,1.131495429615222,2.7477860185541143,1244.2421875,1.46272307691036,2025-04,Apr
2025-04-20,85174.3046875,85306.3828125,83976.84375,85066.0703125,14664050812,0.13036230231544543,84547.07477678571,83633.47526041667,90044.1079861111,0.78760373102851,2.7474911660418138,1329.5390625,1.5609626252635793,2025-04,Apr
2025-04-21,87518.90625,88460.09375,85143.8359375,85171.5390625,41396190190,2.7527099529631727,84972.29129464286,83756.35598958333,89837.13732638888,1.2207685799765253,2.7893949803065263,3316.2578125,3.789190192833334,2025-04,Apr
2025-04-22,93441.890625,93817.3828125,87084.53125,87521.875,55899038456,6.767662701452015,86368.41964285714,84002.60651041666,89723.67977430555,2.4883993408693703,3.007822443883927,6732.8515625,7.205388843768377,2025-04,Apr
2025-04-23,93699.109375,94535.734375,91962.9609375,93427.5859375,41719568821,0.27527134594511615,87749.16852678571,84209.2796875,89609.66796875,2.5018175953595976,2.9968268616061087,2572.7734375,2.7457821687539385,2025-04,Apr
2025-04-24,93943.796875,94016.1953125,91696.7109375,93692.3984375,31483175315,0.26114175645013393,89041.74665178571,84425.01614583333,89488.82699652777,2.547005565540203,2.9962846681667394,2319.484375,2.4690128056951606,2025-04,Apr
2025-04-25,94720.5,95768.390625,92898.59375,93954.25,40915232364,0.8267742531563593,90508.84598214286,84685.67005208334,89377.78090277778,2.417367840745938,2.9925593784766322,2869.796875,3.0297526670572896,2025-04,Apr
2025-04-26,94646.9296875,95251.359375,93927.25,94714.6484375,17612825123,-0.07767095032226168,91877.91964285714,84934.66432291667,89288.49678819445,2.4880809422071235,2.993487821118068,1324.109375,1.3989987624235367,2025-04,Apr
2025-04-27,93754.84375,95301.203125,93665.3984375,94660.90625,18090367764,-0.942540809771053,93103.7109375,85248.05416666667,89195.90963541667,2.6205172228477083,2.928045769586658,1635.8046875,1.7447681869770062,2025-04,Apr
2025-04-28,94978.75,95598.4921875,92860.8046875,93755.3046875,32363449569,1.3054325526514532,94169.40290178571,85660.75963541666,89125.31267361112,2.553061776453247,2.8944249881862145,2737.6875,2.8824210678704447,2025-04,Apr
2025-04-29,94284.7890625,95485.4140625,93796.6328125,94981.859375,25806129921,-0.7306486319308303,94289.81696428571,86059.10182291667,89020.66354166667,0.7999600457071531,2.899450686779529,1688.78125,1.7911492052875375,2025-04,Apr
2025-04-30,94207.3125,95249.3203125,92979.640625,94286.46875,28344679831,-0.08217291810309613,94362.41741071429,86447.71510416667,88903.68585069444,0.8006320569865836,2.901072261274852,2269.6796875,2.409239396888644,2025-04,Apr
2025-05-01,96492.3359375,97437.9609375,94153.6328125,94212.859375,32875889623,2.425526614507767,94726.49441964286,86825.15390625,88837.98932291666,1.2003704178761152,2.8802563827910146,3284.328125,3.403719158718807,2025-05,May
2025-05-02,96910.0703125,97905.8984375,96375.9453125,96494.96875,26421924677,0.43291974532626565,95039.29017857143,87305.96588541666,88796.36892361111,1.1855834432143992,2.798645768926605,1529.953125,1.5787349241069102,2025-05,May
2025-05-03,95891.796875,96943.8828125,95821.2890625,96904.6328125,15775154889,-1.0507405827035687,95217.12834821429,87732.26484375,88776.40026041666,1.2938590013093951,2.8140597520525574,1122.59375,1.1706879906144214,2025-05,May
2025-05-04,94315.9765625,96318.921875,94173.4296875,95877.1875,18198688416,-1.6433317174712747,95297.29017857143,88081.33723958333,88697.62864583333,1.4176439604637041,2.8403303066889523,2145.4921875,2.274791891783313,2025-05,May
2025-05-05,94748.0546875,95193.1875,93566.265625,94319.5625,25816260327,0.45811763897039004,95264.33370535714,88456.1125,88662.92013888889,1.3304441794437554,2.8359391971609695,1626.921875,1.71710319580275,2025-05,May
2025-05-06,96802.4765625,96889.1796875,93399.859375,94748.3828125,26551275827,2.168299794413664,95624.00334821429,89075.71223958333,88664.99826388889,1.5135639029367443,2.543143310784491,3489.3203125,3.604577523641287,2025-05,May
2025-05-07,97032.3203125,97625.8046875,95829.3359375,96800.1953125,76983822462,0.23743581586117557,96027.57589285714,89668.94505208333,88669.87630208333,1.5018290158913652,2.5424868743151543,1796.46875,1.8514127501170077,2025-05,May
2025-05-08,103241.4609375,103969.5390625,96913.875,97034.25,69895404397,6.3990437464578775,96991.73660714286,90567.92864583334,88744.45824652778,2.6740748400326004,2.603949456689154,7055.6640625,6.834138144142823,2025-05,May
2025-05-09,102970.8515625,104297.4921875,102343.09375,103239.125,58198593958,-0.2621130818400763,97857.5625,91247.82526041666,88816.5515625,2.7112956078548325,2.2271755712487353,1954.3984375,1.8980113380083516,2025-05,May
2025-05-10,104696.328125,104961.765625,102830.484375,102973.7109375,42276713994,1.6756941758927724,99115.35267857143,92083.49817708334,88907.62083333333,2.576687366983501,2.0761475397645466,2131.28125,2.035679080793933,2025-05,May
2025-05-11,104106.359375,104937.9921875,103364.7421875,104701.0703125,46285517406,-0.5635047193781384,100513.97879464286,92773.54895833334,88981.71866319445,2.3978951042439047,1.9635175584951519,1573.25,1.5111949062909973,2025-05,May
2025-05-12,102812.953125,105747.453125,100814.40625,104106.9609375,63250475404,-1.242389281274392,101666.10714285714,93357.74375,89060.22447916666,2.5927283533593823,1.9754252526704859,4933.046875,4.798079157401889,2025-05,May
2025-05-13,104169.8125,104997.421875,101515.09375,102812.4921875,52608876410,1.3197358248725033,102718.58370535714,94040.57161458333,89130.04618055555,2.5596331339753426,1.920167512185983,3482.328125,3.3429340433918897,2025-05,May
2025-05-14,103539.4140625,104303.5625,102618.296875,104167.328125,45956071155,-0.6051642240404331,103648.16852678571,94673.80572916666,89206.88559027777,2.6248717194023867,1.9351228561665026,1685.265625,1.6276561348731555,2025-05,May
2025-05-15,103744.640625,104153.6171875,101440.8125,103538.828125,50408241840,0.198211052629782,103720.05133928571,95342.99401041666,89276.17083333334,1.0681946254280705,1.9100910547482837,2712.8046875,2.614886582243631,2025-05,May
2025-05-16,103489.2890625,104533.484375,103137.4765625,103735.65625,44386499364,-0.24613470244020386,103794.11383928571,95991.50807291667,89341.82569444444,1.0673725546881974,1.9178372756964883,1396.0078125,1.3489394169641198,2025-05,May
2025-05-17,103191.0859375,103716.9453125,102659.1796875,103489.2890625,37898552742,-0.28814878109744146,103579.07924107143,96601.35260416666,89419.78185763888,0.8021668124959516,1.925456456152514,1057.765625,1.0250552316511714,2025-05,May
2025-05-18,106446.0078125,106597.171875,103142.6015625,103186.953125,49887082058,3.154266519659865,103913.31473214286,97334.52604166667,89538.36657986112,1.473903602698378,1.9635339596461003,3454.5703125,3.245373296277184,2025-05,May
2025-05-19,105606.1796875,107068.71875,102112.6875,106430.53125,61761126647,-0.7889709931436006,104312.34709821429,98019.28489583333,89650.21805555555,1.401618794806367,1.9846745249746194,4956.03125,4.692936781413197,2025-05,May
2025-05-20,106791.0859375,107307.1171875,104206.515625,105605.40625,36515726122,1.1220046530480143,104686.81473214286,98739.84427083333,89763.05668402778,1.3816552594708755,1.9823901025718247,3100.6015625,2.9034273181889376,2025-05,May
2025-05-21,109678.078125,110724.4609375,106127.234375,106791.3125,78086364051,2.7034018449719976,105563.76674107143,99478.48333333334,89889.10269097223,1.5505578806103142,1.980713761096172,4597.2265625,4.191563748282082,2025-05,May
2025-05-22,111673.28125,111970.171875,109285.0703125,109673.4921875,70157575642,1.8191448638679386,106696.4296875,100086.19635416666,90061.85529513888,1.5603745848050492,1.641293680699399,2685.1015625,2.4044261370711717,2025-05,May
2025-05-23,107287.796875,111798.90625,106841.3046875,111679.359375,67548133399,-3.9270668202023518,107239.07366071429,100539.15260416667,90180.85572916667,2.445958832983319,1.8382362578506697,4957.6015625,4.620843848882511,2025-05,May
2025-05-24,107791.15625,109454.5234375,106895.2890625,107278.5078125,45903627163,0.4691674073487251,107896.2265625,101000.73125,90308.825,2.4197236799578903,1.8378191970776039,2559.234375,2.3742526418998313,2025-05,May
2025-05-25,109035.390625,109313.3046875,106683.375,107802.2734375,47518041841,1.1543009819045436,108266.13839285714,101477.89427083333,90504.571875,2.1810948606935736,1.8409481554587246,2629.9296875,2.411996391653226,2025-05,May
2025-05-26,109440.3671875,110376.8828125,108735.640625,109023.78125,45950461571,0.3714175371671846,108813.87946428571,101971.00885416666,90734.61848958333,2.122109175791327,1.8380267935908976,1641.2421875,1.4996680198341463,2025-05,May
2025-05-27,108994.640625,110744.2109375,107609.5546875,109440.40625,57450176272,-0.4072780217708405,109128.67299107143,102479.00208333334,91008.48090277778,2.129751146122503,1.8260862764353405,3134.65625,2.8759728295126896,2025-05,May
2025-05-28,107802.328125,109298.2890625,106812.9296875,108992.171875,49155377493,-1.0939184653144474,108860.70870535714,102906.4546875,91265.12647569444,1.8890873071721332,1.8429297135855414,2485.359375,2.305478386439068,2025-05,May
2025-05-29,105641.7578125,108910.046875,105374.3984375,107795.5703125,56022752042,-2.004196337944353,107999.0625,103285.0203125,91501.44592013888,1.7448869455904803,1.8849949922742852,3535.6484375,3.346828480244813,2025-05,May
2025-05-30,103998.5703125,106308.9453125,103685.7890625,105646.2109375,57655287183,-1.5554336978341854,107529.17299107143,103611.39557291666,91701.07543402778,1.1652134126439484,1.9168255500968714,2623.15625,2.5223002990500847,2025-05,May
2025-05-31,104638.09375,104927.1015625,103136.1171875,103994.71875,38997843858,0.6149348357177731,107078.73549107143,103882.92083333334,91816.5170138889,1.1852577020975903,1.8772418953715662,1790.984375,1.7115988172328493,2025-05,May
2025-06-01,105652.1015625,105884.546875,103826.953125,104637.296875,37397056873,0.9690618169351017,106595.40848214286,104174.321875,92034.14401041667,1.1457334972977022,1.8812235942325353,2057.59375,1.9475180517661554,2025-06,Jun
2025-06-02,105881.53125,105958.3125,103727.546875,105649.8125,45819706290,0.21715582000447764,106087.00334821429,104507.31302083333,92241.46996527778,1.1288022608712427,1.8638731327669629,2230.765625,2.1068505514270224,2025-06,Jun
2025-06-03,105432.46875,106813.578125,104920.84375,105888.4765625,46196508367,-0.42411787466475337,105578.12165178571,104877.86276041667,92406.01336805556,1.1286750186321994,1.8319878456450827,1892.734375,1.7952101448824322,2025-06,Jun
2025-06-04,104731.984375,105997.6953125,104232.703125,105434.3671875,44544857105,-0.6643915136436584,105139.50111607143,105210.66041666667,92570.12734375,1.100298925626522,1.8419445905137248,1764.9921875,1.6852465825342575,2025-06,Jun
2025-06-05,101575.953125,105936.6875,100436.8828125,104750.78125,57479298400,-3.0134359325224014,104558.671875,105369.77630208334,92734.94157986112,1.376074715207946,1.907413616752841,5499.8046875,5.414475097990866,2025-06,Jun
2025-06-06,104390.34375,105376.7734375,101169.5703125,101574.3671875,48856653697,2.7707252931573167,104614.63950892857,105615.04375,92937.56102430556,1.7659672071378645,1.9653337455934512,4207.203125,4.030260820939198,2025-06,Jun
2025-06-07,105615.625,105972.7578125,103987.3125,104390.6484375,38365033776,1.1737496074678777,104754.28683035714,105694.18255208334,93215.50086805556,1.8070115167478797,1.6003836202616615,1985.4453125,1.8798783915732167,2025-06,Jun
2025-06-08,105793.6484375,106497.0625,105075.328125,105617.5078125,36626232328,0.16855786016509722,104774.5078125,105788.27578125,93518.40807291666,1.7712905477443082,1.5990637288076335,1421.734375,1.3438749830429773,2025-06,Jun
2025-06-09,110294.1015625,110561.421875,105400.234375,105793.0234375,55903193732,4.253991795791734,105404.875,105974.86822916666,93823.20685763888,2.3903574624499337,1.7488034087536204,5161.1875,4.679477349090447,2025-06,Jun
2025-06-10,110257.234375,110380.125,108367.7109375,110295.6875,54700101509,-0.03342625487465778,106094.12723214286,106179.89739583334,94118.03880208333,2.3666500211844825,1.7436133475714157,2012.4140625,1.8251991117929762,2025-06,Jun
2025-06-11,108686.625,110384.21875,108086.328125,110261.796875,50842662052,-1.4244955298426398,106659.07589285714,106375.68645833334,94424.92682291666,2.4536549011752786,1.7491385690139478,2297.890625,2.1142349622136116,2025-06,Jun
2025-06-12,105929.0546875,108780.6953125,105785.6875,108685.9140625,54843867968,-2.5371753999169577,107280.94754464286,106434.32786458333,94668.92630208333,2.3422387089209025,1.8048639882542405,2995.0078125,2.827371415081099,2025-06,Jun
2025-06-13,106090.96875,106182.546875,102822.0234375,105924.59375,69550440846,0.15285141831733462,107523.89397321429,106519.3796875,94910.56918402777,2.1429708502910647,1.800363845686089,3360.5234375,3.1675867202409727,2025-06,Jun
2025-06-14,105472.40625,106203.7578125,104379.3671875,106108.0859375,38007870453,-0.5830491579897124,107503.43415178571,106576.971875,95164.93272569444,2.1195805634589884,1.8044924173053492,1824.390625,1.729732628528137,2025-06,Jun
2025-06-15,105552.0234375,106157.1015625,104519.8828125,105464.84375,36744307742,0.0754862720314664,107468.91629464286,106645.7296875,95403.55868055555,2.118635824407926,1.803499766916427,1637.21875,1.551101245320454,2025-06,Jun
2025-06-16,106796.7578125,108915.375,104997.625,105555.59375,50366626945,1.1792615001237072,106969.29575892857,106765.91875,95671.09487847223,1.2104528649441257,1.8130026855818733,3917.75,3.6684166076261238,2025-06,Jun
2025-06-17,104601.1171875,107750.1953125,103396.53125,106794.1171875,55964092176,-2.0559056941174436,106161.27901785714,106704.42239583333,95868.28255208333,1.3291825113112234,1.762187767675429,4353.6640625,4.162158282397646,2025-06,Jun
2025-06-18,104883.328125,105581.8515625,103602.265625,104602.0703125,47318089133,0.2697972498650669,105617.95089285714,106680.32734375,96098.46180555556,1.3383901703175987,1.7573334916828207,1979.5859375,1.8874171642806077,2025-06,Jun
2025-06-19,104684.2890625,105250.890625,103940.7734375,104886.7734375,37333806920,-0.1897718789613423,105440.12723214286,106610.10078125,96327.80677083334,0.9921233092944505,1.7445212651353577,1310.1171875,1.2514936092442834,2025-06,Jun
2025-06-20,103309.6015625,106539.3828125,102372.2109375,104681.03125,50951862476,-1.3131746055793259,105042.7890625,106397.81822916666,96544.21918402778,1.0659605442168432,1.6786729159342957,4167.171875,4.0336733585009075,2025-06,Jun
2025-06-21,102257.40625,104015.78125,100973.0625,103315.078125,38360555118,-1.0184874363913243,104583.50334821429,106083.95572916667,96724.25286458334,1.092572441200895,1.6413491022742077,3042.71875,2.9755485314786183,2025-06,Jun
2025-06-22,100987.140625,103351.6328125,98286.203125,102212.03125,65536997201,-1.2422235919953284,103931.37723214286,105873.93385416667,96874.12204861111,1.1032010263881744,1.5030101822031745,5065.4296875,5.0159155474157675,2025-06,Jun
2025-06-23,105577.7734375,106116.859375,99705.75,100987.4765625,65237759656,4.545759771084712,103757.23660714286,105800.15442708334,97075.30060763888,2.2045537581971026,1.7316182932265547,6411.109375,6.072404414547776,2025-06,Jun
2025-06-24,106045.6328125,106316.828125,104740.2421875,105571.515625,48822986421,0.4431419225533917,103963.59598214286,105700.49583333333,97288.02005208333,2.0393899110034863,1.7193196856718096,1576.5859375,1.4867052000977468,2025-06,Jun
2025-06-25,107361.2578125,108168.3984375,105881.390625,106047.40625,51624120283,1.2406215749838134,104317.5859375,105631.1921875,97512.28845486112,2.0765228782883827,1.7344202401584101,2287.0078125,2.1301984152366416,2025-06,Jun
2025-06-26,106960.0,108305.546875,106666.3515625,107375.0703125,43891990613,-0.3737454466123835,104642.6875,105563.37083333333,97763.47569444444,2.0856708016920895,1.734192516957088,1639.1953125,1.5325311448204937,2025-06,Jun
2025-06-27,107088.4296875,107772.46875,106449.9921875,106954.921875,45353692675,0.12007263229245613,105182.52008928571,105539.57421875,98035.59618055556,1.964783117542572,1.7230828754293745,1322.4765625,1.234938794376931,2025-06,Jun
2025-06-28,107327.703125,107567.8828125,106883.9765625,107090.546875,30037708335,0.22343537784448309,105906.84821428571,105595.77239583334,98313.29817708333,1.8545548511469316,1.681588500737518,683.90625,0.6372131612687952,2025-06,Jun
2025-06-29,108385.5703125,108526.3046875,107230.109375,107327.8203125,35534874438,0.9856422495764683,106963.76674107143,105742.00572916666,98600.37213541666,1.643179033249225,1.6609538238293844,1296.1953125,1.19591132727611,2025-06,Jun
2025-06-30,107135.3359375,108798.7890625,106759.6484375,108383.4375,42064804590,-1.1535062936840146,107186.27566964286,105825.24713541666,98844.440625,0.8089393718234947,1.6752417773671406,2039.140625,1.903331526574558,2025-06,Jun
2025-07-01,105698.28125,107550.6796875,105270.2265625,107144.3828125,44110692247,-1.3413452013053329,107136.65401785714,105826.78645833333,99102.35807291667,0.9858740693862873,1.6866033427315874,2280.453125,2.1575120219847475,2025-07,Jul
2025-07-02,108859.3203125,109763.65625,105157.3984375,105703.1015625,56248657737,2.990624847553991,107350.66294642857,105926.04609375,99388.54131944444,1.4690298594194051,1.7719169107614188,4606.2578125,4.231385791567428,2025-07,Jul
2025-07-03,109647.9765625,110541.4609375,108605.796875,108845.015625,50494742270,0.7244728772290987,107734.65959821429,106066.56302083333,99675.25434027778,1.4552104185518415,1.7724425327742441,1935.6640625,1.7653440794656707,2025-07,Jul
2025-07-04,108034.3359375,109751.984375,107296.3828125,109635.65625,42616442656,-1.4716556343200904,107869.7890625,106176.64140625,99947.80477430555,1.6152733318276344,1.7911954830269545,2455.6015625,2.272982511708698,2025-07,Jul
2025-07-05,108231.1796875,108381.34375,107842.2734375,108015.8359375,30615537520,0.18220480395592098,107998.85714285714,106398.48229166666,100281.32361111112,1.6149799523433581,1.6906964026640972,539.0703125,0.49807302669755443,2025-07,Jul
2025-07-06,109232.0703125,109731.625,107847.015625,108231.1875,36746020463,0.9247710575546852,108119.78571428571,106559.87317708334,100614.62065972222,1.6097661055123134,1.6272685290572857,1884.609375,1.7253260600191465,2025-07,Jul
2025-07-07,108299.8515625,109710.25,107527.0546875,109235.328125,45415696597,-0.8534295352390808,108286.14508928571,106649.34739583333,100970.48619791666,1.573723288607695,1.62597656844937,2183.1953125,2.0158802445265356,2025-07,Jul
2025-07-08,108950.2734375,109198.96875,107499.5546875,108298.2265625,44282204127,0.6005750382996888,108750.71540178571,106754.56822916666,101263.55642361111,1.4283557431604121,1.6285495595500972,1699.4140625,1.559807065078069,2025-07,Jul
2025-07-09,111326.5546875,111925.375,108357.6796875,108950.2734375,57927418065,2.1810695604753683,109103.17745535714,106788.98333333334,101615.78324652778,1.2025856621495103,1.4842786483763057,3567.6953125,3.204711869970938,2025-07,Jul
2025-07-10,115987.203125,116608.78125,110660.75,111329.1953125,95911605728,4.1864660687494615,110008.78125,106979.98229166666,101977.80954861111,1.901909076298164,1.665781387311669,5948.03125,5.128178876414303,2025-07,Jul
2025-07-11,117516.9921875,118856.4765625,115245.6875,115986.234375,86928361085,1.3189291760499877,111363.44642857143,107274.32786458333,102335.9193576389,1.6114351206337703,1.6497584573069703,3610.7890625,3.0725676306784093,2025-07,Jul
2025-07-12,117435.2265625,118219.8984375,116977.0234375,117530.7109375,45524560304,-0.06957770402219454,112678.31026785714,107657.86692708333,102710.92213541667,1.6410015485632978,1.5640698436545915,1242.875,1.0583493866199778,2025-07,Jul
2025-07-13,119116.1171875,119449.5703125,117265.4375,117432.203125,49021091807,1.4313342548076147,114090.31696428571,108092.03854166667,103095.07465277778,1.6388266497957908,1.5757184346470978,2184.1328125,1.8336165281999321,2025-07,Jul
2025-07-14,119849.703125,123091.609375,118959.1953125,119115.7890625,181746419401,0.6158578325259345,115740.29575892857,108571.28177083333,103497.08255208333,1.4002851850371425,1.5651312463559364,4132.4140625,3.4479969117570564,2025-07,Jul
2025-07-15,117777.1875,119935.5625,115765.6875,119853.8515625,98321661181,-1.729262210051885,117001.28348214286,108978.78723958334,103872.00833333333,1.84625069876076,1.6135042914616036,4169.875,3.5404776497995423,2025-07,Jul
2025-07-16,118738.5078125,120065.515625,117064.8203125,117777.1875,72162029070,0.816219450392297,118060.13392857143,109376.84557291666,104248.03897569445,1.7883475557566153,1.608644740375359,3000.6953125,2.5271458836575564,2025-07,Jul
2025-07-17,119289.84375,120999.609375,117508.21875,118738.5078125,72363841798,0.4643278306736054,118531.93973214286,109866.46979166666,104635.13940972222,1.0712910017599953,1.5422243670738467,3491.390625,2.9268129752244727,2025-07,Jul
2025-07-18,118003.2265625,120851.9140625,116925.984375,119284.109375,77945799785,-1.078563897020779,118601.40178571429,110303.79973958334,105001.13732638888,1.113502757201873,1.5671132903753806,3925.9296875,3.326968085419804,2025-07,Jul
2025-07-19,117939.9765625,118541.3984375,117388.4140625,117998.125,47564562765,-0.053600229283989886,118673.50892857143,110745.65598958333,105365.20034722223,1.1131988458463726,1.5655264894363423,1152.984375,0.9776026828265463,2025-07,Jul
2025-07-20,117300.7890625,118865.03125,116550.1328125,117944.109375,57515447231,-0.541960002562214,118414.17633928571,111212.02890625,105696.11015625,0.9475327090049764,1.5424180574878437,2314.8984375,1.9734721786624811,2025-07,Jul
2025-07-21,117439.5390625,119671.5625,116584.3984375,117306.46875,69820091744,0.11828564931994912,118069.8671875,111718.1,105962.75069444445,0.8918159413339397,1.5192532269707564,3087.1640625,2.628726310699369,2025-07,Jul
2025-07-22,119995.4140625,120269.96875,116233.2265625,117426.5,79217583118,2.176332622218302,118386.75669642857,112351.70911458334,106254.93185763889,1.0468877388757434,1.514324413348633,4036.7421875,3.364080385103259,2025-07,Jul
2025-07-23,118754.9609375,120113.3515625,117391.390625,119997.4453125,66608604537,-1.0337504434577038,118389.10714285714,112790.94869791667,106530.61145833334,1.1175998527733984,1.34452338285763,2721.9609375,2.292081876842645,2025-07,Jul
2025-07-24,118368.0,119535.453125,117247.96875,118770.984375,72627318560,-0.32584822936673197,118257.41517857143,113201.69427083334,106793.36145833334,1.1035613996012965,1.3510160759097476,2287.484375,1.9325192408421195,2025-07,Jul
2025-07-25,117635.8828125,118486.9765625,114759.8203125,118368.0,104857024569,-0.6185093838706357,118204.9375,113544.18177083334,107048.79427083333,1.048272832003946,1.3526185959559407,3727.15625,3.168383796584176,2025-07,Jul
2025-07-26,117947.3671875,118335.6875,117181.2265625,117644.84375,48508954046,0.2647868724685587,118205.99330357143,113910.42734375,107317.60008680556,1.0544665126189186,1.3464352449701231,1154.4609375,0.9787933084294816,2025-07,Jul
2025-07-27,119448.4921875,119815.59375,117859.6875,117944.7265625,54683390892,1.2727075099638885,118512.80803571429,114322.42942708333,107589.48611111111,1.1185284230392873,1.3564942920150989,1955.90625,1.6374474170253954,2025-07,Jul
2025-07-28,117924.4765625,119819.7890625,117441.4375,119457.5234375,64822943193,-1.2758768211219684,118582.08482142857,114675.65520833334,107852.14930555556,1.2636814550405298,1.3894357918885767,2378.3515625,2.0168430098898704,2025-07,Jul
2025-07-29,117922.1484375,119273.8671875,116987.3671875,117938.5859375,68463107433,-0.0019742508661990676,118285.90401785714,114993.54114583334,108115.64748263889,0.8615159622600088,1.3849012195783676,2286.5,1.9389911312647679,2025-07,Jul
2025-07-30,117831.1875,118780.7265625,115800.828125,117921.9921875,68896148592,-0.07713643170961237,118153.93638392857,115350.06953125,108352.74583333333,0.7884083502959629,1.3599138814435727,2979.8984375,2.528955619241298,2025-07,Jul
2025-07-31,115758.203125,118919.984375,115505.21875,117833.6328125,69370346018,-1.7592832754910526,117781.10825892857,115685.40026041666,108562.16953125,1.0093624276317492,1.379587771300243,3414.765625,2.949912431961828,2025-07,Jul
2025-08-01,113320.0859375,116060.7734375,112724.4453125,115738.953125,91294530181,-2.1062154747402473,117164.56584821429,115834.09244791667,108755.8171875,1.2190951400724124,1.351980895618233,3336.328125,2.944163073473225,2025-08,Aug
2025-08-02,112526.9140625,114021.6015625,112005.765625,113320.390625,56870866000,-0.6999393518263508,116390.21540178571,115930.05703125,108958.1609375,1.1682493111836938,1.3558523701564593,2015.8359375,1.7914255929744585,2025-08,Aug
2025-08-03,114217.671875,114747.421875,111943.8046875,112525.8046875,48099615826,1.5025363723748075,115642.95535714286,116136.16822916667,109174.49001736111,1.2331746415892872,1.3460309158123545,2803.6171875,2.4546264526983905,2025-08,Aug
2025-08-04,115071.8828125,115729.46875,114130.40625,114223.921875,35783028986,0.7478798363486527,115235.44196428571,116364.19166666667,109377.48342013889,1.2926195243219012,1.3498112540285914,1599.0625,1.3896205232042118,2025-08,Aug
2025-08-05,114141.4453125,115117.4375,112701.109375,115072.1875,61039182286,-0.8085706753543476,114695.34151785714,116527.8375,109567.58480902777,1.2932058999718374,1.3553901099706245,2416.328125,2.116959460592515,2025-08,Aug
2025-08-06,115028.0,115737.8359375,113372.25,114140.9140625,56379133510,0.7767158415357134,114294.88616071429,116752.10911458333,109698.54635416667,1.3728508835512292,1.346193979036768,2365.5859375,2.0565305295232466,2025-08,Aug
2025-08-07,117496.8984375,117676.90625,114279.7109375,115030.0546875,64051649681,2.1463456180234486,114543.27120535714,117036.99661458333,109859.946875,1.486594031206956,1.3905192547787824,3397.1953125,2.891306372914232,2025-08,Aug
2025-08-08,116688.7265625,117689.203125,115917.4609375,117505.5,59713005166,-0.68782400705657,115024.50558035714,117215.73567708333,109993.19574652778,1.1816395786503313,1.3520594579177418,1771.7421875,1.518349063952662,2025-08,Aug
2025-08-09,116500.359375,117906.609375,116363.8359375,116678.2734375,54004312429,-0.16142706587778388,115592.140625,117232.84088541666,110130.90685763888,1.1116266590266903,1.119176778701515,1542.7734375,1.3242649600195708,2025-08,Aug
2025-08-10,119306.7578125,119320.7109375,116485.1640625,116497.71875,64755458694,2.408918266480664,116319.15290178571,117292.49973958333,110314.17135416667,1.2865818556015933,1.178874203205467,2835.546875,2.37668588686006,2025-08,Aug
2025-08-11,118731.4453125,122321.09375,118159.03125,119306.8125,90528784177,-0.4822128356753663,116841.94754464286,117335.70703125,110475.96727430556,1.3504905635420366,1.1828038103272622,4162.0625,3.505442462226828,2025-08,Aug
2025-08-12,120172.90625,120302.46875,118228.71875,118717.6640625,72803657984,1.2140515376580119,117703.58482142857,117370.93333333333,110660.78385416667,1.2472673301077573,1.1746486758353254,2073.75,1.7256385525751567,2025-08,Aug
2025-08-13,123344.0625,123682.453125,118939.6328125,120168.9765625,90904808795,2.6388279596092357,118891.59375,117487.41197916666,110878.55520833333,1.4390107559743728,1.2637634611108441,4742.8203125,3.8451954770826524,2025-08,Aug
2025-08-14,118359.578125,124457.1171875,117254.8828125,123339.3984375,104055627395,-4.041122267235197,119014.83370535714,117506.825,111043.78064236112,2.27997162121527,1.4378709776283207,7202.234375,6.085045662627906,2025-08,Aug
2025-08-15,117398.3515625,119332.3125,116864.5703125,118365.78125,68665353159,-0.8121240187970669,119116.20870535714,117462.153125,111201.63914930556,2.287846134927187,1.437764908957932,2467.7421875,2.1020245639362614,2025-08,Aug
2025-08-16,117491.3515625,117996.0625,117271.953125,117398.421875,48036922378,0.07921746665282559,119257.77901785714,117402.20338541667,111324.36519097222,2.284906692665326,1.4349358224357516,724.109375,0.6163086604845184,2025-08,Aug
2025-08-17,117453.0625,118595.7734375,117279.5234375,117492.7890625,45852169525,-0.032588834829794244,118992.96540178571,117383.86458333333,111455.99722222223,2.056406670183606,1.421491481332889,1316.25,1.1206604340350854,2025-08,Aug
2025-08-18,116252.3125,117614.171875,114723.6796875,117453.90625,72787808090,-1.022323279139703,118638.80357142857,117327.60911458333,111561.12196180556,2.0785491657396395,1.4335667872951767,2890.4921875,2.4863954319188273,2025-08,Aug
2025-08-19,112831.1796875,116764.5,112730.3984375,116241.859375,71657600353,-2.9428514056440758,117589.98549107143,117178.62213541666,111596.15642361112,2.1715264445959037,1.5266597359308798,4034.1015625,3.5753428916306174,2025-08,Aug
2025-08-20,114274.7421875,114625.796875,112387.9609375,112828.0234375,67993811526,1.2794003430595335,116294.36830357143,117073.12890625,111625.06154513889,1.8403132374565747,1.5474360981427298,2237.8359375,1.9582944530543749,2025-08,Aug
2025-08-21,112419.03125,114802.6484375,111986.234375,114275.6875,57817883700,-1.623902974513114,115445.71875,116820.5828125,111682.07526041666,1.3519555483566383,1.5115417869555399,2816.4140625,2.5052822739921985,2025-08,Aug
2025-08-22,116874.0859375,117377.3984375,111678.9453125,112433.734375,82528088240,3.962900798880531,115370.82366071429,116757.88697916667,111782.99670138888,2.2240539468235228,1.682783424821782,5698.453125,4.87571995048357,2025-08,Aug
2025-08-23,115374.328125,116996.25,114536.109375,116866.3671875,55377142586,-1.2832252765613172,115068.39174107143,116658.09791666667,111853.42934027778,2.2707146626751094,1.6974150556636254,2460.140625,2.132311983940318,2025-08,Aug
2025-08-24,113458.4296875,115615.0859375,111060.546875,115387.390625,73961489632,-1.6605933647771742,114497.72991071429,116518.84947916666,111898.07447916667,2.3288554437307427,1.719515471626453,4554.5390625,4.014280009907263,2025-08,Aug
2025-08-25,110124.3515625,113637.84375,109324.28125,113456.8984375,85706860190,-2.9385900493979156,113622.30691964286,116258.08229166667,111910.62682291666,2.5101584751624317,1.793554095394654,4313.5625,3.916992417024022,2025-08,Aug
2025-08-26,111802.65625,112397.015625,108762.0390625,110124.1015625,69396320317,1.5240086898922645,113475.375,116003.22109375,111955.07491319445,2.42426728758715,1.8013021247436425,3634.9765625,3.2512434716863,2025-08,Aug
2025-08-27,111222.0625,112619.4140625,110398.265625,111795.7109375,62137056409,-0.5193022862549412,113039.27790178571,115779.80729166667,112017.07829861112,2.3470816163560033,1.7910530790425012,2221.1484375,1.9970394250691044,2025-08,Aug
2025-08-28,112544.8046875,113450.078125,110900.921875,111219.0546875,58860155962,1.189280397942638,113057.24553571429,115600.5625,112112.03645833333,2.335952132879713,1.8082439502261474,2549.15625,2.26501459314641,2025-08,Aug
2025-08-29,108410.8359375,112619.0546875,107559.625,112550.5234375,77843379644,-3.6731759955323295,111848.20982142857,115286.55078125,112153.95581597222,1.9492118599037702,1.9197123642975107,5059.4296875,4.666904044921132,2025-08,Aug
2025-08-30,108808.0703125,108929.3515625,107444.4453125,108409.40625,51486264208,0.3664157476186425,110910.17299107143,115054.8796875,112189.02213541667,2.015155404078114,1.9015909753370712,1484.90625,1.3647023108996468,2025-08,Aug
2025-08-31,108236.7109375,109491.0,108104.65625,108818.4609375,47986191770,-0.525107534173741,110164.21316964286,114885.43385416667,112215.19079861112,1.9812531627882726,1.8682299765052843,1386.34375,1.2808443068826507,2025-08,Aug
2025-09-01,109250.59375,109890.5859375,107271.1796875,108228.75,66870372995,0.9367272930950854,110039.390625,114776.22317708333,112257.61440972223,1.7661687644454163,1.8750766844110898,2619.40625,2.397612827619072,2025-09,Sep
2025-09-02,111200.5859375,111748.015625,108454.03125,109243.0703125,74776999491,1.7848801737061493,109953.38058035714,114675.65364583333,112329.48776041667,1.8083991848687924,1.8839883339977335,3293.984375,2.9622005560756444,2025-09,Sep
2025-09-03,111723.2109375,112600.2265625,110582.9609375,111190.6953125,61119643565,0.4699840343410866,110024.97321428571,114564.03125,112442.23506944445,1.8054404125121082,1.880498195341855,2017.265625,1.8055922382399974,2025-09,Sep
2025-09-04,110723.6015625,112208.328125,109347.2265625,111718.1484375,60131132901,-0.8947195185422974,109764.80133928571,114450.103125,112512.60460069444,1.7630599277493002,1.8817125514050188,2861.1015625,2.584003339960901,2025-09,Sep
2025-09-05,110650.984375,113357.4921875,110233.3984375,110723.015625,60241647677,-0.06558419928113235,110084.82254464286,114304.20260416667,112568.55303819444,0.9023393757737123,1.8746961888128408,3124.09375,2.823376373600382,2025-09,Sep
2025-09-06,110224.6953125,111275.015625,110024.0859375,110650.5703125,21500719036,-0.38525555367432407,110287.19754464286,114061.79583333334,112617.78689236111,0.9366483835672703,1.82586808439201,1250.9296875,1.1348905832340628,2025-09,Sep
2025-09-07,111167.6171875,111591.078125,110211.625,110221.328125,24618007520,0.8554542812086785,110705.8984375,113877.75885416666,112627.49262152778,0.9061468605712798,1.8332756656044331,1379.453125,1.2408767588076985,2025-09,Sep
2025-09-08,112071.4296875,112869.234375,110630.609375,111163.015625,40212813407,0.8130177859939192,111108.875,113730.12786458334,112647.65034722222,0.8947487537879701,1.8415906686696328,2238.625,1.9974983867361935,2025-09,Sep
2025-09-09,111530.546875,113225.4375,110776.703125,112077.578125,45984480722,-0.4826232823193166,111156.01227678571,113470.92083333334,112679.24947916667,0.6814327440296225,1.779694710230563,2448.734375,2.195572821627483,2025-09,Sep
2025-09-10,113955.359375,114275.25,110940.078125,111531.25,56377473784,2.174124101370767,111474.890625,113311.71796875,112768.43064236111,1.0587801418342186,1.8309759675756283,3335.171875,2.9267354280589313,2025-09,Sep
2025-09-11,115507.5390625,115522.546875,113453.8359375,113961.4296875,45685065332,1.3620945043858246,112158.31026785714,113156.20572916667,112873.05920138888,0.979316719522236,1.8348921131516052,2068.7109375,1.7909748179992309,2025-09,Sep
2025-09-12,116101.578125,116769.3828125,114794.484375,115507.7890625,54785725894,0.5142859655061782,112936.96651785714,112914.78958333333,112991.16111111111,0.9362047111981723,1.7645713173566087,1974.8984375,1.7010091244183938,2025-09,Sep
2025-09-13,115950.5078125,116334.6328125,115248.2734375,116093.5625,34549454947,-0.13011908618274504,113754.93973214286,112834.48723958334,113106.69982638888,0.891109719974517,1.607438335173308,1086.359375,0.9369164443477197,2025-09,Sep
2025-09-14,115407.65625,116181.5,115222.3984375,115950.2890625,32798036057,-0.46817523505617853,114360.65959821429,112768.13072916666,113202.37647569444,0.9943704187743473,1.6030801208272725,959.1015625,0.8310554027909218,2025-09,Sep
2025-09-15,115444.875,116747.8828125,114461.0625,115399.6328125,52937859416,0.03224981011604733,114842.58035714286,112699.91484375,113322.86267361112,1.0024471941941229,1.6029780164372187,2286.8203125,1.9808764247871549,2025-09,Sep
2025-09-16,116843.1875,117005.2734375,114813.09375,115423.7578125,45781744593,1.2112382641498831,115601.52901785714,112679.58567708333,113455.75,0.9487644525214483,1.619342032317627,2192.1796875,1.8761724447991461,2025-09,Sep
2025-09-17,116468.5078125,117328.609375,114794.9765625,116840.5078125,60528025996,-0.32066883445814875,115960.55022321429,112686.7921875,113586.68576388889,0.7342660070708753,1.6091718545288385,2533.6328125,2.175380160771732,2025-09,Sep
2025-09-18,117137.203125,117911.7890625,116188.796875,116461.265625,49457272032,0.5741425944741474,116193.359375,112830.32630208334,113740.32578125,0.5938588669048552,1.5110938653166446,1722.9921875,1.4709179846656852,2025-09,Sep
2025-09-19,115688.859375,117479.7578125,115141.8203125,117137.671875,38828473971,-1.2364506846338497,116134.39955357143,112877.46354166667,113889.56414930556,0.7798756404175743,1.5152542496886527,2337.9375,2.0208838712997292,2025-09,Sep
2025-09-20,115721.9609375,116191.1484375,115473.5234375,115691.125,22864449614,0.028612575730124767,116101.75,112987.56119791667,114053.284375,0.7794061316446319,1.4818950163773825,717.625,0.620128620519644,2025-09,Sep
2025-09-21,115306.09375,115901.0859375,115252.578125,115730.2265625,22495852193,-0.3593675600818802,116087.24107142857,112935.29479166666,114161.37682291666,0.770138032654809,1.2920559054529586,648.5078125,0.5624228446295797,2025-09,Sep
2025-09-22,112748.5078125,115431.3125,112037.6484375,115309.21875,70684158591,-2.218083931492132,115702.04575892857,112847.76744791666,114235.85321180556,1.1335004421534796,1.333752611190556,3393.6640625,3.009941442545422,2025-09,Sep
2025-09-23,112014.5,113351.9140625,111535.5703125,112757.4765625,47211853279,-0.651013327573835,115012.23325892857,112799.63645833333,114287.55590277778,0.9069656183288607,1.3046025715085434,1816.34375,1.6215255614228516,2025-09,Sep
2025-09-24,113328.6328125,113986.2734375,111229.640625,112007.6640625,48044595085,1.1731809832655538,114563.6796875,112906.44583333333,114358.31848958334,1.131042127001373,1.200832302183859,2756.6328125,2.4324239550836153,2025-09,Sep
2025-09-25,109049.2890625,113541.0859375,108713.3984375,113330.1640625,75528654284,-3.776048156409062,113408.26339285714,112814.66692708334,114380.10581597222,1.6103220490245593,1.3633861011299808,4827.6875,4.427069210174384,2025-09,Sep
2025-09-26,109712.828125,110359.1953125,108728.9765625,109041.296875,57738288949,0.608476284627324,112554.54464285714,112764.35911458333,114406.60720486111,1.7138896441664928,1.366229549379595,1630.21875,1.4858962054488558,2025-09,Sep
2025-09-27,109681.9453125,109778.5,109144.296875,109707.140625,26308042910,-0.028148770775293652,111691.68526785714,112668.93046875,114421.01137152778,1.7097651838059142,1.346505886111704,634.203125,0.5782201648530777,2025-09,Sep
2025-09-28,112122.640625,112375.484375,109236.9453125,109681.9453125,33371048505,2.225248016477188,111236.90625,112792.65729166666,114476.42586805555,2.052872420915905,1.2287824192067511,3138.5390625,2.7992018784118784,2025-09,Sep
2025-09-29,114400.3828125,114473.5703125,111589.953125,112117.875,60000147466,2.031473906432546,111472.88839285714,112979.06770833333,114573.11588541667,2.0473683029279006,1.2769727879342239,2883.6171875,2.5206359599567008,2025-09,Sep
2025-09-30,114056.0859375,114836.6171875,112740.5625,114396.5234375,58986330258,-0.3009577997342028,111764.54352678571,113173.046875,114630.85772569444,2.026541038633219,1.2733851013454094,2096.0546875,1.8377403277266482,2025-09,Sep
2025-10-01,118648.9296875,118648.9296875,113981.3984375,114057.59375,71328680132,4.026829179914837,112524.5859375,113486.32473958333,114730.86831597223,2.4745595314921127,1.4493147384723637,4667.53125,3.9339008470564716,2025-10,Oct
2025-10-02,120681.2578125,121086.40625,118383.15625,118652.3828125,71415163912,1.7128920845327356,114186.29575892857,113802.34713541667,114871.38967013889,1.5058198298910965,1.4468042357763864,2703.25,2.23999156869908,2025-10,Oct
2025-10-03,122266.53125,123944.703125,119344.3125,120656.984375,83941392228,1.3136036748664148,115979.68191964286,114153.79114583334,115027.33802083334,1.4616785914662114,1.4587092517217801,4600.390625,3.762591919446476,2025-10,Oct
2025-10-04,122425.4296875,122857.640625,121577.5703125,122267.46875,36769171735,0.1299606980548873,117800.1796875,114543.85208333333,115173.93090277778,1.4338466655256163,1.4413894309654667,1280.0703125,1.0455918478436013,2025-10,Oct
2025-10-05,123513.4765625,125559.2109375,122191.9609375,122419.671875,73689317763,0.8887425412982486,119427.44196428571,114972.60182291667,115342.97118055556,1.4243125327555604,1.4425349387139619,3367.25,2.72622072806453,2025-10,Oct
2025-10-06,124752.53125,126198.0703125,123196.046875,123510.453125,72568881188,1.0031736794915869,120906.3203125,115456.86302083333,115518.55182291666,1.4012137092809045,1.4394958389786912,3002.0234375,2.4063827863212195,2025-10,Oct
2025-10-07,121451.3828125,125184.0234375,120681.96875,124752.140625,76149412513,-2.6461574802715715,121962.79129464286,115799.65520833334,115631.04991319444,1.99104278706873,1.5416102581020463,4502.0546875,3.7068780801371335,2025-10,Oct
2025-10-08,123354.8671875,124167.09375,121119.1796875,121448.3515625,65354305286,1.567280940669602,122635.06808035714,116175.76979166667,115712.91284722222,1.5099777993871843,1.556231282999759,3047.9140625,2.470850264762683,2025-10,Oct
2025-10-09,121705.5859375,123739.34375,119812.03125,123337.0703125,74653009425,-1.3370216251727518,122781.40066964286,116514.93776041667,115759.45277777778,1.5633301191194096,1.5793003210241607,3927.3125,3.2268958484919583,2025-10,Oct
2025-10-10,113214.3671875,122509.6640625,104582.4140625,121704.7421875,153125018868,-6.976852117831744,121488.234375,116490.23802083333,115712.55434027778,2.9992867338268927,2.0260772775900744,17927.25,15.834783557381707,2025-10,Oct
2025-10-11,110807.8828125,113429.7265625,109760.5625,113236.4296875,110236934340,-2.125599811033263,119828.58482142857,116333.5828125,115620.240625,2.972055632784841,2.0451076464831712,3669.1640625,3.31128433227865,2025-10,Oct
2025-10-12,115169.765625,115805.0625,109715.5390625,110811.515625,93710414091,3.9364372838716077,118636.62611607143,116302.52239583334,115568.24131944444,3.529869023617519,2.173018432304153,6089.5234375,5.287432343422379,2025-10,Oct
2025-10-13,115271.078125,116020.484375,113821.1875,115161.6796875,71582026739,0.0879679657679322,117282.1328125,116279.87473958333,115540.39565972223,3.462208314498683,2.172945733894752,2199.296875,1.9079346795169916,2025-10,Oct
2025-10-14,113118.6640625,115502.8828125,110029.484375,115264.8828125,92212917403,-1.8672628880645359,116091.74441964286,116203.575,115477.95295138888,3.4153302418770273,2.1982854843686543,5473.3984375,4.838634263286432,2025-10,Oct
2025-10-15,110783.1640625,113622.3828125,110235.8359375,113113.96875,72574132855,-2.064646024028005,114295.78683035714,116048.18463541666,115383.43428819445,3.2388449798012537,2.228930783690971,3386.546875,3.0569147430104344,2025-10,Oct
2025-10-16,108186.0390625,111990.8125,107537.03125,110782.171875,87306423067,-2.3443318504017374,112364.42299107143,115759.61302083333,115274.35442708334,3.2538726192379204,2.250516458931207,4453.78125,4.11678002873089,2025-10,Oct
2025-10-17,106467.7890625,109235.8046875,103598.4296875,108179.1328125,99703051669,-1.588236351834038,111400.62611607143,115426.25572916666,115146.88567708334,2.2621927012911156,2.2641064711643772,5637.375,5.294911305700807,2025-10,Oct
2025-10-18,107198.265625,107490.984375,106387.453125,106483.734375,37779905278,0.6861009972426446,110884.96651785714,115094.9578125,115034.63541666667,2.247990058912012,2.265643982173606,1103.53125,1.029430134495238,2025-10,Oct
2025-10-19,108666.7109375,109488.9921875,106157.7890625,107204.3125,47657008953,1.3698405510000455,109955.95870535714,114860.88619791667,114937.15954861112,1.4970956158722588,2.277247251322552,3331.203125,3.065523099264458,2025-10,Oct
2025-10-20,110588.9296875,111711.03125,107485.015625,108667.4453125,63507793085,1.768912239467313,109287.08035714286,114689.78515625,114832.64305555556,1.7754270041255305,2.304826092795546,4226.015625,3.8213731129705213,2025-10,Oct
2025-10-21,108476.890625,113996.34375,107534.75,110587.6328125,101194375480,-1.9098105646452646,108623.96986607143,114462.14505208333,114718.44227430556,1.7806452842699307,2.327530842855204,6461.59375,5.956654650378443,2025-10,Oct
2025-10-22,107688.5859375,109115.1328125,106778.0,108491.53125,80807013218,-0.7267028792566799,108181.88727678571,114293.48098958333,114599.78211805556,1.6630434739627262,2.298170279349889,2337.1328125,2.170269757146239,2025-10,Oct
2025-10-23,110069.7265625,111288.59375,107548.4296875,107679.4375,54944076060,2.2111355667553845,108450.98549107143,114228.65520833334,114515.71371527777,1.6630635065930313,2.3347874916529787,3740.1640625,3.397995233845023,2025-10,Oct
2025-10-24,111033.921875,111842.53125,109770.1484375,110069.3515625,48160816980,0.8759859251149305,109103.29017857143,114152.16484375,114438.89765625,1.4546950325553754,2.3301248095273435,2072.3828125,1.8664411537521401,2025-10,Oct
2025-10-25,111641.7265625,111947.703125,110704.40625,111032.6171875,24707667305,0.5474045023684315,109738.0703125,114238.57942708333,114352.15581597222,1.4544426766370226,2.2223987778911405,1243.296875,1.1136489136111392,2025-10,Oct
2025-10-26,114472.4453125,115260.90625,111268.484375,111639.0546875,41708524143,2.535538312743024,110567.4609375,114397.23333333334,114313.79991319444,1.6162206010786175,2.264968725859082,3992.421875,3.487670647814877,2025-10,Oct
2025-10-27,114119.328125,116273.3125,113882.2890625,114479.8515625,61761358733,-0.30847352525406047,111071.80357142857,114545.14609375,114271.54635416667,1.5900646008857127,2.266378355197523,2391.0234375,2.0951958592684714,2025-10,Oct
2025-10-28,112956.1640625,116078.984375,112291.6796875,114129.0859375,64528066504,-1.019252462848308,111711.69977678571,114572.93020833333,114217.37942708333,1.3920864040301406,2.241577186540701,3787.3046875,3.352897753684729,2025-10,Oct
2025-10-29,110055.3046875,113642.7265625,109368.71875,112921.328125,62192043469,-2.5681284408657135,112049.80245535714,114428.09427083333,114154.01388888889,1.7970128796545435,2.258560517016237,4274.0078125,3.883509136280133,2025-10,Oct
2025-10-30,108305.546875,111612.3515625,106376.6875,110059.1953125,69673964814,-1.5898895718551742,111797.77678571429,114236.40963541667,114098.29678819445,1.7039169607755942,2.2746377511651787,5235.6640625,4.834160588785633,2025-10,Oct
2025-10-31,109556.1640625,111031.8203125,108288.2734375,108304.4140625,60090359560,1.1547120379193476,111586.66852678571,113933.31744791666,114065.28845486112,1.7366873540008776,2.1499307013313844,2743.546875,2.5042378021147687,2025-10,Oct
2025-11-01,110064.015625,110574.8984375,109372.953125,109558.625,25871668762,0.4635536182247879,111361.28125,113579.409375,114019.13671875,1.731127892028033,2.122670280771699,1201.9453125,1.0920420317891704,2025-11,Nov
2025-11-02,110639.625,111167.3125,109523.453125,110064.4296875,34284209459,0.5229768982454308,110813.73549107143,113191.84583333334,113969.88940972222,1.3216690847980939,2.106996138204326,1643.859375,1.4857781513630401,2025-11,Nov
2025-11-03,106547.5234375,110764.9140625,105336.359375,110646.90625,72852006359,-3.698585893164408,109732.04910714286,112662.58229166667,113885.5125,1.788104367879381,2.1935495300597294,5428.5546875,5.09496092669329,2025-11,Nov
2025-11-04,101590.5234375,107264.8828125,98962.0625,106541.421875,110967184773,-4.652384063068105,108108.38616071429,111931.8171875,113736.20720486112,2.2698479870228456,2.3082409437429656,8302.8203125,8.172829543109913,2025-11,Nov
2025-11-05,103891.8359375,104534.703125,98989.9140625,101579.234375,77584934804,2.265282648549194,107227.890625,111236.46067708333,113585.03984375,2.595819240432495,2.350026740018222,5544.7890625,5.337078715054833,2025-11,Nov
2025-11-06,101301.2890625,104147.3046875,100336.8671875,103893.6640625,63932752861,-2.493503798083263,106227.28236607143,110564.79088541666,113414.06831597222,2.663769337365209,2.3455619528869613,3810.4375,3.7614896466411882,2025-11,Nov
2025-11-07,103372.40625,104052.9140625,99257.0546875,101286.2421875,92168030081,2.0445121741957006,105343.88839285714,109898.70885416666,113268.20217013889,2.7971496510967198,2.362158033688784,4795.859375,4.639399960760805,2025-11,Nov
2025-11-08,102282.1171875,103373.5625,101458.0390625,103371.703125,51446691095,-1.0547196317199026,104232.18861607143,109251.25989583334,113079.03949652778,2.7418295754156445,2.359516762178286,1915.5234375,1.872784304990998,2025-11,Nov
2025-11-09,104719.640625,105418.3671875,101468.875,102278.984375,59679243013,2.383137448193029,103386.4765625,108968.10234375,112923.35277777778,2.9936856995461523,2.0831181764442355,3949.4921875,3.771491349596102,2025-11,Nov
2025-11-10,105996.59375,106564.6953125,104350.6484375,104723.7734375,69585887229,1.2194017448672767,103307.77232142857,108807.72604166667,112765.83819444444,2.751987788451039,2.0681000636595743,2214.046875,2.088790589084378,2025-11,Nov
2025-11-11,102997.46875,107428.2578125,102457.328125,105996.859375,71130078574,-2.829454130454079,103508.76450892857,108401.9828125,112539.76493055555,2.290457475048913,1.9765745248572302,4970.9296875,4.826263934277511,2025-11,Nov
2025-11-12,101663.1875,105297.234375,100836.6171875,103011.4375,64347179408,-1.2954505253314763,103190.38616071429,107948.38645833333,112354.24947916667,2.15150666122627,1.9820708954976949,4460.6171875,4.387642466453258,2025-11,Nov
2025-11-13,99697.4921875,104005.4921875,97988.71875,101674.1484375,101546815416,-1.933536967351135,102961.27232142857,107501.0140625,112157.57326388889,2.0645519236922443,1.9838002649818638,6016.7734375,6.0350298743566375,2025-11,Nov
2025-11-14,94397.7890625,99804.4296875,94000.734375,99694.703125,114346441890,-5.315783786249007,101679.18415178571,106954.83489583334,111900.978125,2.5439305159826353,2.1588933448996297,5803.6953125,6.148126317510912,2025-11,Nov
2025-11-15,95549.1484375,96728.46875,94420.46875,94420.46875,38500716654,1.2196889211437911,100717.33147321429,106533.60520833333,111657.60130208333,2.714202892389457,2.152485528608427,2308.0,2.4155108001927346,2025-11,Nov
2025-11-16,94177.078125,96564.1875,92971.1640625,95556.8671875,71086235862,-1.435983820826503,99211.25111607143,106123.91484375,111412.32092013888,2.285863360206965,2.1497419518870484,3593.0234375,3.8151782886394363,2025-11,Nov
2025-11-17,92093.875,95928.3671875,91214.7578125,94180.875,94186165724,-2.212006537551514,97225.1484375,105620.43515625,111181.90642361112,1.9539323825429034,2.1649914194754984,4713.609375,5.118265872730407,2025-11,Nov
2025-11-18,92948.875,93745.078125,89300.4609375,92094.53125,101333569062,0.9284005043766586,95789.63504464286,105096.50729166667,110944.95234375,2.1819437543695015,2.1534400822061617,4444.6171875,4.7817869635323715,2025-11,Nov
2025-11-19,91465.9921875,92946.1640625,88526.828125,92946.1640625,80350354656,-1.5953746750565823,94332.89285714286,104459.07604166666,110712.14079861112,2.1816925658271793,2.118703033782104,4419.3359375,4.831671129134659,2025-11,Nov
2025-11-20,86631.8984375,93025.0703125,86040.796875,91459.3515625,97970645638,-5.28512689185111,92466.37946428571,103730.90963541667,110376.11649305555,2.621767967142385,2.274090002239391,6984.2734375,8.0620112954569,2025-11,Nov
2025-11-21,85090.6875,87380.8046875,80659.8125,86528.7734375,129157506112,-1.7790340109098413,91136.79352678571,102977.64635416666,110039.63159722222,2.1680429363608433,2.282275626484154,6720.9921875,7.8986224990836975,2025-11,Nov
2025-11-22,84648.359375,85503.0078125,83490.8984375,85098.5625,40793099246,-0.5198314151592665,89579.53794642857,102130.26744791666,109719.51970486112,1.8931221938962253,2.213245640812061,2012.109375,2.377021114001951,2025-11,Nov
2025-11-23,86805.0078125,88038.46875,84641.7734375,84648.609375,58083435576,2.5477734635657168,88526.38504464286,101322.63697916667,109460.41588541666,2.4902800543859764,2.278230185578469,3396.6953125,3.9130176911416314,2025-11,Nov
2025-11-24,88270.5625,89206.3359375,85272.1953125,86798.7734375,74433896110,1.688329653360121,87980.19754464286,100543.59817708333,109198.94817708334,2.6398792557412727,2.310648849917451,3934.140625,4.456911243768272,2025-11,Nov
2025-11-25,87341.890625,88457.3359375,86131.4296875,88269.9609375,64837343545,-1.0520742688141405,87179.19977678571,99639.24635416667,108933.61293402778,2.5569047609759648,2.225821989093859,2325.90625,2.662990500155549,2025-11,Nov
2025-11-26,90518.3671875,90581.15625,86316.8984375,87345.5859375,66496301869,3.636830551491177,87043.82477678571,98852.54765625,108688.87473958333,3.0265370850703377,2.3720942554717994,4264.2578125,4.710930991129131,2025-11,Nov
2025-11-27,91285.375,91897.578125,90089.515625,90517.765625,57040622845,0.8473504729832548,87708.60714285714,98130.18802083333,108498.59184027778,1.9878649143299623,2.3889874639869935,1808.0625,1.98067050718694,2025-11,Nov
2025-11-28,90919.265625,92969.0859375,90257.1171875,91285.3828125,60895830289,-0.40106027389381627,88541.26116071429,97492.32005208333,108299.82734375,1.7473943797699742,2.362532319661298,2711.96875,2.982831780874275,2025-11,Nov
2025-11-29,90851.7578125,91187.6171875,90260.1875,90918.7421875,37921773455,-0.07425028351905061,89427.4609375,96910.52708333333,108106.66119791666,1.6915601415029349,2.356996814458626,927.4296875,1.0208164484984767,2025-11,Nov
2025-11-30,90394.3125,91965.046875,90394.3125,90838.2109375,38497902869,-0.5035073877646679,89940.21875,96271.79869791666,107897.14696180556,1.6264127005897384,2.3348133748949325,1570.734375,1.7376473492179059,2025-11,Nov
